Nombre,Tiempo de Aprendizaje,Transferencia de la formacion,Retencion de conocimiento y habilidades,Impacto del rendimiento en la organizacion,Nota de evaluacion
Errol Tellwright,4 meses,Baja,Baja,Alta,65
Madelyn Rapelli,2 meses,Alta,Muy baja,Promedio,64
Sibeal Dinjes,3 meses,Baja,Muy Alta,Baja,48
Sansone Grzeszczyk,1 mes,Alta,Baja,Muy Alta,89
Horatio Aronin,1 mes,Muy Alta,Baja,Muy Alta,91
Thayne Hutcheon,1 mes,Promedio,Baja,Alta,64
Borden Shovell,3 meses,Muy baja,Muy baja,Alta,23
Evin Shapcote,1 mes,Muy baja,Muy baja,Muy baja,38
Claudia Perigoe,4 meses,Promedio,Baja,Baja,72
Glynnis Gerson,3 meses,Muy baja,Promedio,Alta,4
Hymie Penfold,2 meses,Muy Alta,Baja,Promedio,4
Alfi Danigel,2 meses,Promedio,Baja,Alta,31
Darya Escala,2 meses,Alta,Promedio,Alta,27
Lonnie Rikard,2 meses,Promedio,Baja,Alta,34
Dewain Ivanets,1 mes,Alta,Muy Alta,Muy baja,70
Mordy Coard,3 meses,Baja,Promedio,Promedio,51
Tabby Durie,1 mes,Alta,Muy baja,Promedio,3
Bernadene Jopson,4 meses,Baja,Promedio,Baja,63
Merline Grewe,3 meses,Muy Alta,Promedio,Muy Alta,43
Victoria Shrawley,2 meses,Muy Alta,Alta,Muy Alta,63
Chickie Tipling,2 meses,Baja,Promedio,Alta,55
Jeremias Macknish,3 meses,Muy Alta,Promedio,Promedio,26
Quint Faulkner,1 mes,Muy baja,Alta,Muy baja,5
Marie Dusey,3 meses,Muy Alta,Muy Alta,Promedio,24
Sisely Ogborn,1 mes,Alta,Alta,Muy baja,73
Letizia Quinlan,1 mes,Muy baja,Muy baja,Baja,6
Abie MacGowing,1 mes,Muy Alta,Muy baja,Muy Alta,72
Analiese Alejandro,2 meses,Baja,Promedio,Muy Alta,8
Ingrim Woodlands,1 mes,Promedio,Baja,Muy Alta,86
Morse Bette,4 meses,Baja,Muy Alta,Alta,47
Daisie Tweedell,2 meses,Alta,Alta,Baja,7
Garvin Cuttell,4 meses,Alta,Baja,Muy baja,86
Marice Vedishchev,3 meses,Baja,Alta,Muy baja,69
Shel Dunton,3 meses,Alta,Promedio,Alta,76
Brittne Jamieson,1 mes,Promedio,Promedio,Promedio,6
Arel Gilchrist,1 mes,Muy Alta,Muy baja,Muy baja,54
Chico Dearman,1 mes,Muy baja,Muy Alta,Alta,62
Wald Gawkroge,1 mes,Baja,Muy baja,Muy Alta,85
Tessi Joscelyn,1 mes,Muy baja,Muy Alta,Alta,87
Tilda Pittford,3 meses,Muy Alta,Promedio,Muy Alta,94
Boniface Petchey,3 meses,Baja,Baja,Alta,35
Mandi Blindermann,2 meses,Alta,Muy baja,Promedio,60
Deeyn Cosans,1 mes,Muy baja,Baja,Promedio,48
Donnell Lord,3 meses,Promedio,Muy Alta,Baja,22
Claudia McKenna,2 meses,Baja,Promedio,Alta,24
Netta Curneen,3 meses,Baja,Alta,Promedio,48
Bernarr Barenskie,3 meses,Muy baja,Alta,Promedio,50
Kenna Offell,2 meses,Alta,Alta,Baja,5
Isidro Clementel,1 mes,Promedio,Muy Alta,Muy Alta,12
Rawley Slowgrave,2 meses,Muy baja,Muy baja,Promedio,84
Reuven Fray,4 meses,Muy baja,Muy baja,Alta,80
Cherilyn Biford,4 meses,Baja,Muy baja,Baja,70
Corette Mazillius,2 meses,Promedio,Baja,Muy Alta,58
Brok Pocklington,2 meses,Muy Alta,Muy baja,Muy baja,67
Paule Thoms,4 meses,Muy Alta,Alta,Baja,50
Pierre Larking,1 mes,Promedio,Muy baja,Baja,50
Doll Fayers,4 meses,Promedio,Alta,Alta,40
Suzanna Janzen,1 mes,Baja,Baja,Muy baja,66
Lamont Vanin,2 meses,Muy baja,Baja,Baja,96
Matthiew Pilsbury,1 mes,Muy baja,Alta,Promedio,47
Yorgo Balke,2 meses,Baja,Promedio,Alta,53
Mort Infante,3 meses,Alta,Muy Alta,Muy baja,87
Allix Pobjay,3 meses,Alta,Muy Alta,Promedio,27
Issi Spreag,1 mes,Muy baja,Muy baja,Alta,8
Marika Magovern,4 meses,Promedio,Muy baja,Promedio,98
Corbie Woodnutt,3 meses,Muy baja,Muy baja,Muy baja,11
Jeanie Parman,3 meses,Promedio,Promedio,Baja,24
Quincey Grigorey,3 meses,Muy baja,Baja,Promedio,18
Cynthea Wincer,3 meses,Promedio,Muy Alta,Promedio,50
Drusilla Blaschke,3 meses,Baja,Muy Alta,Muy baja,57
Rosamond Symper,3 meses,Alta,Alta,Muy Alta,55
Oralie Gillett,1 mes,Baja,Promedio,Promedio,92
Trina Sperwell,3 meses,Muy baja,Muy baja,Muy baja,17
Patricia Satchell,3 meses,Muy baja,Muy Alta,Promedio,78
Darryl MacPaden,2 meses,Muy baja,Alta,Muy baja,22
Lotty Hornung,1 mes,Alta,Promedio,Promedio,21
Melloney Gerriet,1 mes,Promedio,Muy baja,Baja,25
Joleen Tousy,2 meses,Baja,Muy baja,Muy Alta,4
Leonid Pinck,1 mes,Muy Alta,Muy Alta,Alta,17
Cullie Shergold,1 mes,Promedio,Baja,Muy Alta,72
Shell Dearsley,3 meses,Muy baja,Muy Alta,Muy baja,73
Melisse Kleisel,4 meses,Muy Alta,Promedio,Promedio,61
Enid Francescozzi,3 meses,Promedio,Muy baja,Baja,7
Klement Marchbank,4 meses,Promedio,Alta,Promedio,79
Trent Wadham,3 meses,Muy Alta,Muy Alta,Alta,47
Dot Rigden,3 meses,Promedio,Promedio,Alta,55
Vicki Daal,2 meses,Muy baja,Muy baja,Baja,65
Crissie Desaur,3 meses,Muy baja,Muy baja,Muy baja,48
Bren Artus,1 mes,Baja,Muy Alta,Baja,93
Murry Grogono,3 meses,Muy Alta,Baja,Promedio,22
Alexi Burdikin,1 mes,Alta,Muy Alta,Muy Alta,72
Larry Karppi,1 mes,Muy baja,Promedio,Baja,42
Bonnibelle Pickavant,4 meses,Muy baja,Muy baja,Alta,45
Arvin Schwartz,4 meses,Muy baja,Muy Alta,Baja,25
Nesta Pettingill,4 meses,Alta,Baja,Muy baja,88
Elfrieda Densumbe,4 meses,Baja,Muy Alta,Alta,6
Murry Pimmocke,2 meses,Muy baja,Muy baja,Muy baja,90
Maggy Borland,1 mes,Promedio,Alta,Alta,17
Noe Greenwood,2 meses,Promedio,Muy baja,Alta,50
Vasilis Presidey,1 mes,Baja,Promedio,Alta,33
Glendon Walklate,4 meses,Muy baja,Alta,Muy Alta,99
Klara Knottley,3 meses,Alta,Baja,Muy baja,55
Dominic Berrick,3 meses,Muy Alta,Muy baja,Muy Alta,86
Ewan Glendzer,2 meses,Baja,Promedio,Baja,69
Elihu Sylvaine,1 mes,Muy baja,Muy Alta,Muy Alta,29
Morgen Wadley,2 meses,Baja,Promedio,Muy baja,47
Coleen De Rye Barrett,1 mes,Promedio,Promedio,Baja,29
Lanny Beesley,4 meses,Baja,Muy Alta,Muy baja,54
Abran Goulbourn,3 meses,Promedio,Muy Alta,Muy baja,63
Derrik Mynott,4 meses,Promedio,Promedio,Baja,89
Forrester Orfeur,1 mes,Muy baja,Baja,Baja,50
Bern Reade,1 mes,Muy Alta,Promedio,Baja,14
Sly McArley,4 meses,Alta,Muy baja,Alta,40
Henrie Windrass,1 mes,Promedio,Baja,Baja,1
Andreana Lawlee,1 mes,Promedio,Muy Alta,Muy Alta,20
Cy Bibbie,4 meses,Alta,Promedio,Baja,58
Sascha Cossins,4 meses,Baja,Alta,Promedio,55
Demetra Gimbrett,2 meses,Muy baja,Muy Alta,Promedio,49
Eartha Jaine,2 meses,Muy Alta,Alta,Muy Alta,24
Clint McMechan,1 mes,Muy Alta,Baja,Promedio,66
Jaquenette Gallard,3 meses,Baja,Promedio,Alta,31
Clo Kernermann,3 meses,Alta,Baja,Baja,21
Edythe Rehme,3 meses,Alta,Promedio,Muy Alta,16
Suzie Lawrie,2 meses,Baja,Promedio,Muy Alta,42
Nevsa Belleny,2 meses,Muy Alta,Alta,Alta,51
Fernandina Frostdick,2 meses,Baja,Promedio,Muy baja,64
Witty Towers,3 meses,Muy Alta,Alta,Muy Alta,37
Alma Garratty,2 meses,Baja,Baja,Promedio,9
Myranda Stoffer,2 meses,Baja,Alta,Muy baja,65
Lanette Doram,1 mes,Muy Alta,Promedio,Baja,48
Lock Darby,3 meses,Muy Alta,Muy Alta,Muy Alta,87
Jaclin Brezlaw,3 meses,Muy Alta,Muy baja,Muy baja,99
Bee Kinastan,2 meses,Promedio,Promedio,Muy Alta,21
Haydon Guillain,1 mes,Muy Alta,Promedio,Muy baja,1
Phil Hansemann,3 meses,Baja,Baja,Baja,71
Violante Atlee,3 meses,Baja,Alta,Alta,16
Hallie Gilbanks,3 meses,Promedio,Muy Alta,Muy baja,43
Jefferey Gregolotti,1 mes,Baja,Baja,Promedio,72
Tiffanie Fabbro,4 meses,Baja,Baja,Alta,72
Gilligan Jordan,2 meses,Alta,Baja,Muy Alta,25
Pablo Denizet,2 meses,Baja,Muy Alta,Baja,11
Tessa Angove,3 meses,Promedio,Alta,Baja,70
Rhett Jansky,2 meses,Muy Alta,Alta,Muy baja,20
Ellene Staunton,4 meses,Promedio,Muy baja,Muy baja,79
Ronica Muncey,3 meses,Muy baja,Baja,Promedio,2
Darrel Cellone,4 meses,Muy Alta,Promedio,Promedio,13
Clari Mummery,1 mes,Promedio,Promedio,Alta,39
Shayla Swiffan,1 mes,Muy Alta,Muy baja,Promedio,45
Belia Broad,2 meses,Muy Alta,Baja,Alta,66
Eldon Flade,2 meses,Muy Alta,Baja,Promedio,43
Kelila Vanns,4 meses,Baja,Promedio,Baja,37
Lorens Jurgensen,4 meses,Muy baja,Muy baja,Promedio,55
Papageno Sansome,4 meses,Alta,Alta,Alta,93
Jeremy Mazonowicz,1 mes,Baja,Muy baja,Muy Alta,65
Theresina Norker,3 meses,Alta,Alta,Baja,97
Arman Sine,2 meses,Muy Alta,Muy Alta,Muy Alta,55
Viv Lanceley,3 meses,Promedio,Baja,Alta,79
Nalani Klink,3 meses,Muy Alta,Muy Alta,Muy baja,53
Maiga Wilcinskis,1 mes,Promedio,Muy Alta,Muy Alta,24
Gregory Cardus,1 mes,Muy Alta,Promedio,Alta,35
Gery Skentelbury,1 mes,Muy baja,Alta,Muy Alta,29
Trstram Grooby,4 meses,Alta,Muy Alta,Promedio,18
Tyne Pieter,3 meses,Muy Alta,Promedio,Baja,73
Susannah Euler,4 meses,Muy Alta,Promedio,Promedio,97
Gerta Caldeyroux,2 meses,Alta,Baja,Baja,5
Celia Czyz,4 meses,Promedio,Alta,Alta,7
Trudie Sherwill,3 meses,Muy baja,Baja,Promedio,23
Miltie De Ferraris,4 meses,Promedio,Baja,Promedio,86
Hugo Wildash,4 meses,Alta,Muy Alta,Alta,78
Tera Koenen,3 meses,Promedio,Alta,Baja,18
Chance Royal,1 mes,Muy baja,Muy baja,Baja,59
Trefor Jimes,4 meses,Alta,Promedio,Promedio,95
Claudette Bedells,1 mes,Promedio,Baja,Alta,81
Patrick Laffoley-Lane,1 mes,Muy baja,Muy baja,Muy Alta,61
Alvis Adanez,3 meses,Alta,Promedio,Muy baja,48
Pierson Flucks,3 meses,Baja,Muy Alta,Promedio,79
Rakel Hefferon,4 meses,Alta,Muy Alta,Promedio,56
Melli Taynton,2 meses,Alta,Muy baja,Baja,85
Cassandra Rameau,3 meses,Baja,Promedio,Alta,48
Stephanus Haizelden,2 meses,Alta,Baja,Muy baja,90
Frasier Swaby,1 mes,Muy Alta,Muy Alta,Alta,63
Jessee Tregust,3 meses,Baja,Promedio,Baja,24
Donn Daborne,2 meses,Promedio,Muy Alta,Muy Alta,38
Farley Buttler,4 meses,Promedio,Alta,Baja,44
Francesca Studdal,4 meses,Alta,Alta,Muy baja,41
Ruthi Rudeforth,2 meses,Baja,Alta,Promedio,62
Coretta Wretham,2 meses,Muy baja,Promedio,Promedio,61
Maryellen Stonman,4 meses,Baja,Alta,Baja,88
Erna Shilito,4 meses,Muy baja,Promedio,Muy Alta,61
Artie Danniell,4 meses,Baja,Muy baja,Muy baja,96
Calley Hush,2 meses,Muy Alta,Baja,Muy baja,76
Elset Barr,3 meses,Muy baja,Muy Alta,Promedio,1
Faun Cominotti,2 meses,Muy baja,Muy Alta,Baja,94
Cass MacQuaker,2 meses,Alta,Promedio,Muy Alta,91
Clyde Gillicuddy,2 meses,Muy baja,Promedio,Alta,54
Dori Massel,2 meses,Alta,Alta,Muy baja,69
Sansone Hizir,2 meses,Muy baja,Alta,Muy Alta,1
Noak McGinnell,4 meses,Baja,Promedio,Alta,48
Casey Bowich,4 meses,Promedio,Alta,Baja,40
Tannie Hanaford,3 meses,Baja,Muy Alta,Muy baja,11
Win Cammis,3 meses,Muy Alta,Promedio,Promedio,5
Freda Gregorin,1 mes,Muy baja,Baja,Alta,95
Michal Hobbert,2 meses,Alta,Muy baja,Baja,86
Pip Clarke-Williams,1 mes,Baja,Baja,Baja,59
Indira Shellard,3 meses,Muy Alta,Muy Alta,Muy Alta,22
Bradly Moogan,3 meses,Muy Alta,Alta,Alta,80
Winny Artist,2 meses,Baja,Promedio,Muy baja,91
Agnese Bellord,1 mes,Alta,Alta,Baja,27
Marybelle Rosenblum,3 meses,Muy baja,Baja,Muy Alta,72
Hildagarde Lilion,2 meses,Muy baja,Promedio,Muy Alta,50
Dinny Schulze,4 meses,Muy baja,Alta,Promedio,100
Andrus Hadcock,2 meses,Muy Alta,Promedio,Alta,96
Ayn Sakins,1 mes,Promedio,Promedio,Muy Alta,72
Cordy Stother,3 meses,Muy baja,Baja,Muy baja,32
Moina Lohde,4 meses,Alta,Promedio,Baja,5
Felecia Quilty,4 meses,Promedio,Baja,Alta,28
Berne Honack,2 meses,Alta,Baja,Muy baja,86
Neale Merriton,2 meses,Muy baja,Baja,Alta,36
Merrill Lepick,3 meses,Muy baja,Baja,Muy baja,44
Pip Riedel,3 meses,Muy Alta,Muy baja,Alta,26
Chery Gimert,3 meses,Muy Alta,Muy Alta,Alta,8
Paten Abramamov,3 meses,Baja,Alta,Alta,5
Del Spong,2 meses,Promedio,Muy baja,Muy Alta,5
Danny Pfeffel,1 mes,Muy baja,Baja,Alta,3
Sorcha Leuren,2 meses,Alta,Promedio,Muy baja,34
Wade Rymmer,1 mes,Alta,Promedio,Baja,68
Riannon Goldin,2 meses,Baja,Muy baja,Promedio,51
Lee Duggen,4 meses,Muy baja,Alta,Alta,69
Lorena Panniers,4 meses,Alta,Alta,Baja,38
Benny Dubique,1 mes,Alta,Muy Alta,Muy baja,72
Decca Parram,3 meses,Muy Alta,Baja,Promedio,59
Loren Loughan,2 meses,Baja,Baja,Muy baja,100
Jodee Gregolotti,4 meses,Baja,Muy baja,Muy Alta,88
Stacia Landor,1 mes,Promedio,Alta,Alta,38
Konstance Taffee,4 meses,Baja,Muy Alta,Baja,35
Sheree Chrstine,1 mes,Alta,Alta,Alta,56
Ev Wallbutton,4 meses,Promedio,Baja,Muy Alta,90
Odelinda Giacomelli,3 meses,Alta,Promedio,Promedio,36
Agnola Skakunas,4 meses,Baja,Promedio,Alta,64
Jasun Aldwich,2 meses,Alta,Muy baja,Alta,12
Gradeigh McKeever,2 meses,Muy Alta,Muy Alta,Baja,99
Erin Cogin,4 meses,Muy baja,Baja,Baja,95
Fiann Abramovic,2 meses,Baja,Alta,Baja,71
Darius Pfeifer,3 meses,Promedio,Baja,Promedio,37
Felicio MacAvaddy,4 meses,Alta,Alta,Baja,41
Odey Obispo,1 mes,Promedio,Alta,Promedio,81
Collie Waycot,2 meses,Muy baja,Baja,Muy baja,72
Federico Jachimak,3 meses,Alta,Muy baja,Baja,76
Hollis Tink,1 mes,Muy Alta,Promedio,Promedio,54
Alisa Bottomore,3 meses,Baja,Alta,Promedio,97
Saundra Inder,3 meses,Alta,Muy Alta,Alta,56
Saxon Muriel,1 mes,Muy Alta,Promedio,Muy Alta,15
Kaitlin Proske,2 meses,Alta,Alta,Baja,1
Charlton Fitton,1 mes,Promedio,Muy baja,Promedio,94
Stefan Kittow,3 meses,Muy baja,Alta,Muy baja,27
Griswold Baud,1 mes,Muy baja,Baja,Promedio,59
Salvador O'Hartagan,3 meses,Alta,Muy baja,Promedio,57
Ilario Igglesden,4 meses,Muy baja,Baja,Muy baja,53
Amye Blumfield,4 meses,Muy Alta,Promedio,Muy Alta,58
Claretta Tuxwell,3 meses,Promedio,Muy baja,Muy baja,12
Tynan Olding,3 meses,Muy baja,Muy baja,Baja,14
Ariana Grimmett,2 meses,Alta,Muy Alta,Baja,15
Kristofor Simmig,2 meses,Baja,Alta,Baja,35
Zach Maddick,1 mes,Muy baja,Alta,Muy baja,2
Lavinie Rawstorn,4 meses,Muy Alta,Alta,Muy baja,72
Dalton Brissenden,3 meses,Baja,Alta,Muy Alta,55
Olvan Hawyes,1 mes,Muy baja,Alta,Muy Alta,58
Polly Baudino,4 meses,Muy baja,Alta,Promedio,74
Horst Cristofol,4 meses,Promedio,Muy baja,Muy Alta,94
Kameko Scimone,1 mes,Muy Alta,Promedio,Baja,15
Demetria Fontell,1 mes,Alta,Promedio,Baja,89
Carilyn Nevet,4 meses,Alta,Promedio,Baja,73
Mareah Bridel,1 mes,Baja,Muy Alta,Muy baja,21
Bobbee Rays,1 mes,Alta,Baja,Promedio,13
Rafi Lyons,4 meses,Muy baja,Muy baja,Muy Alta,53
Demetrius Kits,2 meses,Muy Alta,Muy Alta,Alta,39
Calli Revitt,1 mes,Muy baja,Alta,Muy Alta,24
Godiva Balke,3 meses,Baja,Muy baja,Alta,20
Sandor Toffalo,3 meses,Muy baja,Muy Alta,Muy Alta,2
Elenore Bowhay,4 meses,Baja,Baja,Promedio,5
Beret Deyenhardt,3 meses,Promedio,Promedio,Alta,16
Celestina Burriss,2 meses,Alta,Muy Alta,Muy baja,10
Adelle McLeish,2 meses,Muy Alta,Muy baja,Baja,19
Lise Kinsella,4 meses,Muy Alta,Baja,Baja,24
Iormina Brodeau,2 meses,Muy baja,Baja,Muy Alta,90
Findlay Watters,3 meses,Muy baja,Muy baja,Muy baja,61
Carlee Muglestone,3 meses,Baja,Alta,Baja,60
Foss Chessil,2 meses,Muy baja,Promedio,Promedio,60
Fancy Turbat,1 mes,Promedio,Baja,Muy baja,41
Mala Noble,4 meses,Muy Alta,Muy baja,Muy baja,38
Roi Gotch,3 meses,Promedio,Muy baja,Muy baja,8
Lee Ranklin,1 mes,Alta,Promedio,Muy baja,72
Deeanne Cavendish,4 meses,Promedio,Muy baja,Promedio,20
Jeanne McAdam,4 meses,Muy Alta,Muy baja,Alta,70
Neysa Bennion,1 mes,Promedio,Muy Alta,Baja,37
Ronny Romayne,2 meses,Promedio,Alta,Promedio,82
Olag Brown,2 meses,Muy baja,Muy Alta,Alta,71
Colly Jaxon,1 mes,Baja,Alta,Baja,58
Frasco Scadding,1 mes,Promedio,Muy baja,Baja,51
Joanie Clows,4 meses,Promedio,Alta,Promedio,77
Beckie Hance,3 meses,Muy Alta,Muy Alta,Muy baja,76
Calhoun Stoad,3 meses,Muy baja,Promedio,Muy Alta,82
Horace Dalby,3 meses,Muy Alta,Muy baja,Baja,95
Emlynne Cant,2 meses,Alta,Baja,Alta,75
Dierdre Conyard,1 mes,Alta,Alta,Alta,47
Gustie Harder,1 mes,Promedio,Baja,Muy baja,32
Cymbre Colwill,3 meses,Muy Alta,Muy baja,Muy baja,81
Beniamino MacAvaddy,4 meses,Baja,Muy Alta,Alta,6
Elysee Arnau,1 mes,Promedio,Muy Alta,Muy Alta,2
Tess Gotecliffe,3 meses,Promedio,Muy Alta,Muy Alta,38
Kimberlee Rubinov,4 meses,Alta,Promedio,Muy Alta,72
Mayer Odlin,4 meses,Alta,Muy Alta,Muy Alta,49
Karon Hillin,2 meses,Alta,Muy Alta,Muy Alta,80
Sean Pabelik,1 mes,Promedio,Muy baja,Promedio,60
Chet Leaney,1 mes,Promedio,Alta,Promedio,13
Guendolen Guerrier,4 meses,Alta,Alta,Alta,75
Cristi Satterthwaite,2 meses,Promedio,Muy Alta,Alta,17
Myrtie Alves,1 mes,Promedio,Muy baja,Baja,67
Yvonne Ingree,1 mes,Muy Alta,Muy Alta,Muy baja,4
Danit Fairhall,1 mes,Alta,Baja,Promedio,20
Bernie Hayley,4 meses,Baja,Muy Alta,Alta,24
Grete Brixey,4 meses,Promedio,Muy baja,Alta,35
Katrina Stroyan,1 mes,Muy Alta,Promedio,Promedio,29
Adara Gricks,1 mes,Baja,Alta,Promedio,96
Wes Sperry,2 meses,Muy baja,Promedio,Promedio,23
Henri Braunroth,4 meses,Alta,Muy Alta,Promedio,70
Nikolaos Herkess,4 meses,Baja,Alta,Muy baja,56
Franky Flute,1 mes,Muy Alta,Muy Alta,Promedio,42
Brice Cowpland,2 meses,Muy Alta,Muy Alta,Baja,37
Gearalt Sterman,4 meses,Muy baja,Muy Alta,Alta,20
Vic Feldbau,2 meses,Alta,Muy baja,Alta,31
Mannie Leed,4 meses,Muy baja,Muy baja,Baja,28
Swen Stave,1 mes,Baja,Alta,Promedio,90
Cale Lates,3 meses,Baja,Muy baja,Promedio,36
Debor Huggin,1 mes,Baja,Alta,Muy Alta,74
Garth Clearie,3 meses,Muy Alta,Alta,Promedio,17
Forrester Roggeman,2 meses,Baja,Alta,Muy Alta,75
Scot Wilman,1 mes,Baja,Muy baja,Muy baja,72
Clim Sterman,1 mes,Promedio,Baja,Alta,100
Irving Larcombe,2 meses,Muy baja,Promedio,Muy Alta,35
Kristos Grishakin,1 mes,Alta,Promedio,Muy Alta,64
Bobbye Stove,2 meses,Muy baja,Alta,Alta,57
Dodi O'Driscoll,1 mes,Baja,Baja,Baja,41
Babs Cyster,1 mes,Muy baja,Alta,Muy baja,71
Emera Scrange,3 meses,Promedio,Muy baja,Baja,96
Siusan Athridge,4 meses,Promedio,Muy baja,Alta,97
Sue Stabbins,2 meses,Muy baja,Muy baja,Alta,48
Sylvia Vicarey,3 meses,Promedio,Promedio,Muy baja,44
Jo Sircomb,2 meses,Promedio,Promedio,Promedio,2
Collin Harm,2 meses,Promedio,Alta,Promedio,70
My Tarrant,2 meses,Promedio,Baja,Promedio,79
Ephraim Chaise,3 meses,Baja,Alta,Alta,74
Fancie Rutgers,3 meses,Promedio,Alta,Baja,92
Alain Weinmann,4 meses,Promedio,Muy baja,Muy Alta,82
Chandal Devote,4 meses,Muy baja,Baja,Alta,82
Hillier Brockway,4 meses,Muy baja,Promedio,Alta,34
Corri Gasson,4 meses,Alta,Muy baja,Promedio,24
Lenore Pendreigh,3 meses,Muy baja,Muy baja,Alta,6
Wendye Yves,4 meses,Muy baja,Promedio,Promedio,1
Delora Gaitley,2 meses,Alta,Muy baja,Baja,67
Mora Taunton.,1 mes,Promedio,Muy baja,Alta,89
Kory Aven,3 meses,Promedio,Promedio,Alta,48
Ferdinand Whitelaw,4 meses,Baja,Muy Alta,Alta,14
Pablo Cutforth,2 meses,Promedio,Muy Alta,Baja,67
Ivonne Bifield,4 meses,Muy Alta,Alta,Muy Alta,76
Kelly Escritt,1 mes,Muy baja,Muy Alta,Alta,25
Winona Moutray Read,4 meses,Baja,Promedio,Promedio,98
Amalle Bastin,3 meses,Muy Alta,Alta,Muy baja,81
Christin Ghirigori,1 mes,Promedio,Promedio,Muy Alta,37
Chrystal Klyner,4 meses,Baja,Muy Alta,Promedio,40
Helenka Leborgne,2 meses,Muy Alta,Promedio,Muy Alta,6
Blondelle Roadnight,4 meses,Alta,Muy Alta,Alta,18
Nollie Edwin,3 meses,Promedio,Muy Alta,Muy Alta,15
Adamo Wedmore.,2 meses,Muy baja,Promedio,Baja,75
Lannie Henlon,1 mes,Muy Alta,Promedio,Promedio,76
Atlante Crix,2 meses,Alta,Promedio,Alta,17
Norry Crosson,1 mes,Muy Alta,Muy baja,Promedio,14
Korie Chappelle,1 mes,Muy baja,Muy Alta,Baja,37
Sapphira Chalke,2 meses,Promedio,Muy baja,Alta,9
Beverlie Carsey,3 meses,Muy baja,Muy Alta,Promedio,43
Keir Custy,4 meses,Alta,Muy baja,Alta,58
Ad Huitson,3 meses,Baja,Promedio,Muy Alta,26
Brena Hugli,3 meses,Baja,Promedio,Baja,46
Haskel Impleton,3 meses,Muy baja,Baja,Alta,74
Munroe Ulster,3 meses,Alta,Baja,Alta,7
Raphaela Krolman,3 meses,Promedio,Muy Alta,Muy Alta,37
Vitoria Lethlay,3 meses,Muy baja,Muy Alta,Muy baja,10
Gaynor Sineath,4 meses,Baja,Alta,Muy Alta,8
Rozele Kittle,4 meses,Promedio,Baja,Alta,33
Abbe Willbond,3 meses,Alta,Baja,Muy baja,83
Glenine McCloughlin,2 meses,Baja,Muy baja,Promedio,54
Godard Craigg,2 meses,Muy Alta,Muy baja,Muy Alta,58
Doro Fri,1 mes,Muy Alta,Baja,Muy Alta,5
Edna Dreossi,2 meses,Promedio,Alta,Promedio,4
Mathias Traylen,3 meses,Muy baja,Muy baja,Muy Alta,57
Nicoline Lyall,1 mes,Muy baja,Muy Alta,Promedio,85
Bonnibelle Fulks,1 mes,Muy baja,Alta,Baja,15
Bale MacCaull,3 meses,Muy baja,Promedio,Muy Alta,34
Kevin Shaylor,1 mes,Muy baja,Promedio,Alta,60
Lauryn Kelsow,2 meses,Muy Alta,Muy Alta,Alta,18
Sibella Spickett,2 meses,Muy Alta,Muy baja,Muy Alta,15
Janith Easterby,4 meses,Alta,Promedio,Muy baja,53
Clemens Skirven,3 meses,Muy Alta,Muy baja,Muy Alta,85
Caresse Cardnell,1 mes,Promedio,Muy Alta,Alta,60
Elena Loder,1 mes,Promedio,Baja,Muy baja,96
Wyatt Jory,1 mes,Alta,Promedio,Promedio,73
Jessamyn Danielovitch,1 mes,Baja,Muy Alta,Baja,29
Benedicto Claxton,4 meses,Baja,Alta,Alta,56
Gianni Mathwen,1 mes,Promedio,Muy baja,Promedio,52
Dulcinea Eckels,2 meses,Muy Alta,Baja,Alta,1
Thaddus Littlechild,4 meses,Muy baja,Alta,Promedio,43
Joleen Quilkin,1 mes,Muy baja,Alta,Alta,76
Link Kenward,1 mes,Muy baja,Promedio,Alta,48
Dion Haughton,2 meses,Promedio,Alta,Promedio,81
Suzi Cardnell,4 meses,Alta,Muy Alta,Promedio,89
Adams Lemmertz,4 meses,Promedio,Baja,Muy Alta,10
Harland Anneslie,2 meses,Muy Alta,Baja,Promedio,43
Persis Edgeworth,2 meses,Muy baja,Muy Alta,Baja,28
Bird Grolmann,3 meses,Muy Alta,Muy Alta,Promedio,19
Fernanda Hirche,4 meses,Promedio,Baja,Muy Alta,69
Vanessa Durrell,3 meses,Muy Alta,Promedio,Alta,56
Alain Dmitr,2 meses,Promedio,Promedio,Muy baja,97
Catlee Newbegin,3 meses,Muy baja,Promedio,Promedio,52
Giulietta Eliasson,4 meses,Muy Alta,Muy Alta,Muy Alta,22
Markos Stanyan,4 meses,Baja,Alta,Baja,35
Lennie Castan,2 meses,Muy baja,Muy Alta,Alta,31
Domeniga McGrotty,1 mes,Alta,Muy baja,Muy baja,8
Free Espadate,3 meses,Muy baja,Promedio,Muy Alta,98
Rosalyn Neale,2 meses,Promedio,Muy Alta,Baja,19
Rocky Cockram,1 mes,Muy baja,Baja,Muy Alta,94
Fanechka Laraway,3 meses,Muy Alta,Promedio,Muy Alta,60
Bucky Fife,4 meses,Baja,Promedio,Muy Alta,55
Lizzy Lechmere,3 meses,Promedio,Muy Alta,Muy baja,71
Edy Sharphouse,1 mes,Promedio,Alta,Promedio,92
Shawn Thurbon,4 meses,Alta,Alta,Alta,70
Flo Jahns,2 meses,Muy Alta,Muy Alta,Alta,53
Orv Deam,1 mes,Promedio,Baja,Alta,72
Demetrius Nott,2 meses,Muy baja,Muy Alta,Muy Alta,50
Cathryn Durante,2 meses,Muy baja,Alta,Alta,90
Val Lingwood,2 meses,Muy baja,Promedio,Alta,45
Carolyn Fehners,2 meses,Muy Alta,Muy baja,Muy baja,32
Jillayne Schultheiss,3 meses,Muy Alta,Promedio,Promedio,24
Dewie Burgett,1 mes,Promedio,Baja,Promedio,35
Chevy Summerskill,2 meses,Baja,Alta,Muy Alta,7
Larina Fallon,3 meses,Muy baja,Baja,Baja,63
Paulie Sidery,3 meses,Promedio,Muy Alta,Promedio,71
Blondell Hadfield,3 meses,Muy Alta,Promedio,Muy baja,73
Thaxter Solano,3 meses,Alta,Alta,Muy baja,81
Cosmo Beggs,1 mes,Alta,Baja,Muy baja,89
Aurthur Ginsie,1 mes,Promedio,Promedio,Muy baja,10
Sherrie Kermon,2 meses,Muy baja,Alta,Baja,12
Jarrod Trollope,4 meses,Baja,Baja,Baja,17
Phoebe Blachford,2 meses,Alta,Alta,Alta,73
Clio Chimienti,4 meses,Promedio,Muy Alta,Baja,69
Marta Laming,3 meses,Muy baja,Alta,Baja,48
Rebecka Skates,2 meses,Promedio,Muy Alta,Muy Alta,40
Melly Wickens,2 meses,Muy Alta,Muy Alta,Baja,31
Devondra Halsho,4 meses,Muy baja,Promedio,Baja,91
Fremont Reason,1 mes,Promedio,Alta,Baja,42
Lion Tredgold,1 mes,Alta,Muy Alta,Muy baja,37
Seana Batchley,2 meses,Promedio,Muy Alta,Muy Alta,97
Wallis Sharma,1 mes,Alta,Baja,Muy Alta,1
Robinia Pettit,3 meses,Promedio,Alta,Muy baja,66
Terri-jo McGraw,1 mes,Promedio,Baja,Baja,11
Charmian Margery,3 meses,Promedio,Muy Alta,Baja,16
Fanechka Balle,1 mes,Muy Alta,Alta,Muy baja,95
Jodie Hovy,4 meses,Muy baja,Alta,Promedio,12
Darrin Grewe,3 meses,Alta,Promedio,Alta,13
Beitris Silverthorn,2 meses,Muy Alta,Promedio,Muy baja,86
Lulita Hatherley,2 meses,Baja,Alta,Muy baja,83
Karim Pidwell,3 meses,Promedio,Baja,Muy baja,82
Hatty Tomovic,2 meses,Baja,Muy Alta,Muy Alta,6
Keane Marchand,1 mes,Alta,Baja,Alta,85
Lezlie Younglove,1 mes,Alta,Alta,Alta,22
Ernie Toft,2 meses,Promedio,Alta,Muy baja,68
Thain Le Friec,4 meses,Muy Alta,Alta,Muy baja,81
Lanna Keford,2 meses,Alta,Muy baja,Alta,64
Orland Elias,4 meses,Promedio,Promedio,Promedio,64
Mirilla Beaudry,3 meses,Muy baja,Alta,Promedio,63
Theresita Rowbury,1 mes,Alta,Baja,Muy Alta,20
Moreen Grimster,4 meses,Baja,Alta,Baja,64
Rozanna Fawlo,1 mes,Baja,Promedio,Baja,28
Devin Faunch,4 meses,Promedio,Muy Alta,Alta,7
Norbert Leroux,2 meses,Alta,Alta,Muy Alta,51
Cathi O'Drought,1 mes,Muy Alta,Muy Alta,Muy baja,22
Falito Bapty,3 meses,Baja,Promedio,Baja,89
Irita Bevis,3 meses,Muy Alta,Alta,Muy Alta,76
Patric MacIlhargy,3 meses,Muy baja,Promedio,Baja,27
Jeffrey Challinor,2 meses,Alta,Muy Alta,Baja,19
Sandra Govenlock,2 meses,Baja,Muy Alta,Alta,44
Merle Blanchette,4 meses,Baja,Baja,Promedio,7
Domini Lugg,2 meses,Alta,Promedio,Alta,6
Sunny Wragge,3 meses,Muy Alta,Alta,Alta,92
Ky Cicci,2 meses,Alta,Alta,Baja,11
Natalee Blaxter,4 meses,Alta,Muy baja,Promedio,86
Cyrus Speek,1 mes,Muy baja,Muy baja,Muy baja,69
Sydney Huckell,1 mes,Promedio,Muy Alta,Alta,32
Tasia Wilbore,2 meses,Muy Alta,Muy baja,Alta,46
Carlin Ricks,3 meses,Muy Alta,Muy Alta,Promedio,31
Erl Beckmann,4 meses,Muy baja,Muy baja,Alta,46
Owen Renny,3 meses,Promedio,Alta,Baja,22
Lorianne Nicholson,4 meses,Muy Alta,Alta,Muy baja,68
Tyson Ivantsov,1 mes,Baja,Muy baja,Muy baja,100
Ariella Clunan,2 meses,Muy baja,Alta,Promedio,28
Bartlett McGahern,4 meses,Alta,Alta,Alta,59
Hilario Carlyle,4 meses,Muy baja,Muy Alta,Alta,71
Annmaria Sparkwill,2 meses,Muy baja,Muy Alta,Baja,96
Aida MacKowle,1 mes,Muy Alta,Alta,Alta,71
Konrad Joutapaitis,2 meses,Baja,Muy Alta,Muy baja,95
Barron Millberg,3 meses,Promedio,Promedio,Alta,55
Ernie Duckels,2 meses,Promedio,Alta,Promedio,93
Archie Veronique,2 meses,Muy baja,Baja,Muy Alta,78
Katlin Brugman,3 meses,Muy baja,Alta,Promedio,88
Toma Ellicock,4 meses,Baja,Alta,Promedio,79
Zaria Ollivierre,3 meses,Promedio,Alta,Baja,39
Quinlan Smaridge,1 mes,Baja,Promedio,Promedio,98
Obidiah Fellon,4 meses,Alta,Alta,Alta,45
Claudianus Logue,3 meses,Muy baja,Promedio,Muy baja,54
Jobie Behnecke,4 meses,Promedio,Promedio,Muy Alta,25
Lavina Geleman,3 meses,Muy Alta,Baja,Baja,83
Derril Phorsby,1 mes,Muy Alta,Alta,Muy baja,47
Shanta Brame,1 mes,Promedio,Baja,Promedio,50
Hodge Jarville,2 meses,Muy baja,Promedio,Muy Alta,16
Clemente Peachey,4 meses,Promedio,Promedio,Baja,13
Innis Tunstall,4 meses,Muy Alta,Muy Alta,Baja,58
Merralee Clift,1 mes,Muy baja,Promedio,Baja,74
Abagail Walsh,2 meses,Muy Alta,Promedio,Muy baja,4
Prinz Bellee,4 meses,Alta,Muy baja,Muy baja,56
Leonidas Wetherell,4 meses,Promedio,Baja,Muy Alta,40
Vivi Chatelot,2 meses,Muy baja,Alta,Muy baja,42
Andra Redparth,2 meses,Promedio,Baja,Alta,36
Maryjo Gerson,1 mes,Muy baja,Muy baja,Alta,11
Ebonee Densey,2 meses,Muy Alta,Alta,Alta,92
Zenia Mussared,4 meses,Muy baja,Baja,Alta,1
Merle Kitman,1 mes,Baja,Alta,Muy baja,29
Gweneth Malcolmson,3 meses,Alta,Promedio,Promedio,51
Anthe Byrd,2 meses,Alta,Muy Alta,Muy Alta,14
Pietro Van der Merwe,1 mes,Muy Alta,Promedio,Baja,13
Pietro Bettinson,3 meses,Baja,Promedio,Alta,13
Chadwick Goodredge,2 meses,Baja,Muy baja,Baja,13
Delia Dilkes,2 meses,Baja,Baja,Baja,12
Nelie Haddrill,4 meses,Promedio,Muy Alta,Muy baja,42
Antoinette Bassil,1 mes,Baja,Alta,Muy baja,6
Katherina Eastes,3 meses,Muy baja,Muy baja,Baja,63
Marna Galpen,3 meses,Baja,Alta,Baja,11
Zoe Offill,4 meses,Baja,Muy Alta,Muy Alta,98
Bridget Grigolashvill,3 meses,Muy Alta,Baja,Muy baja,48
Baxy Killimister,3 meses,Muy Alta,Alta,Muy Alta,100
Jamima Algie,3 meses,Baja,Muy Alta,Alta,50
Rupert Poyser,4 meses,Muy Alta,Promedio,Alta,45
Wyatt Sebring,3 meses,Muy baja,Muy Alta,Promedio,5
Jolene Gonsalvo,4 meses,Promedio,Alta,Muy Alta,25
Meagan Spurling,1 mes,Muy Alta,Muy Alta,Muy Alta,78
Cinda Cisco,3 meses,Muy baja,Promedio,Muy Alta,64
Whitney Nelane,3 meses,Muy baja,Baja,Promedio,38
Arlinda Pester,2 meses,Baja,Promedio,Promedio,70
Annis Kirk,3 meses,Muy baja,Muy Alta,Baja,4
Karim Piccop,3 meses,Baja,Baja,Muy baja,33
Ag Slisby,3 meses,Baja,Promedio,Alta,56
Nevile Durkin,4 meses,Muy baja,Alta,Baja,60
Augy Bartelli,4 meses,Baja,Baja,Muy Alta,100
Harley Tregian,2 meses,Muy baja,Baja,Baja,56
Reinold Harley,3 meses,Alta,Muy baja,Muy Alta,14
Lyndell Oleksinski,3 meses,Muy baja,Alta,Alta,77
Carmine Hinksen,4 meses,Promedio,Baja,Alta,97
Phylys Domino,2 meses,Promedio,Promedio,Muy baja,83
Laina Saffrin,4 meses,Baja,Baja,Promedio,9
Ellary Le Fleming,2 meses,Muy baja,Muy baja,Promedio,54
Minnaminnie Dyer,1 mes,Baja,Muy baja,Alta,41
Pia O'Hartigan,3 meses,Alta,Muy baja,Baja,70
Janean Bascomb,4 meses,Baja,Muy Alta,Promedio,77
Jayne Wathey,2 meses,Promedio,Promedio,Muy Alta,70
Abel Hars,3 meses,Muy Alta,Muy baja,Muy Alta,2
Stesha Matchell,4 meses,Muy Alta,Muy Alta,Muy Alta,55
Ardith Dunaway,1 mes,Alta,Muy baja,Muy baja,54
Eddi Fearnehough,1 mes,Alta,Baja,Alta,48
Kristo Stonebanks,2 meses,Alta,Promedio,Baja,26
Krishnah Matuszyk,4 meses,Promedio,Muy baja,Baja,73
Gaby Meeny,2 meses,Muy baja,Muy baja,Muy Alta,13
Mamie Wallach,2 meses,Muy baja,Muy baja,Promedio,44
Catherina Gumby,3 meses,Baja,Muy baja,Baja,11
Silvanus D'Ambrogio,1 mes,Alta,Muy baja,Muy baja,91
Mireielle Swaby,2 meses,Muy Alta,Muy baja,Muy Alta,24
Ingra Chamberlain,4 meses,Baja,Baja,Promedio,40
Yvette Kernocke,1 mes,Muy Alta,Baja,Promedio,84
Bond Torr,4 meses,Muy baja,Muy Alta,Muy Alta,1
Tull Stickles,4 meses,Muy Alta,Alta,Muy baja,14
Antone Sammut,2 meses,Alta,Muy Alta,Muy baja,50
Madlin Whistance,1 mes,Muy baja,Muy baja,Baja,78
Land Hallock,2 meses,Promedio,Alta,Muy Alta,59
Lilly Rymer,3 meses,Promedio,Muy baja,Promedio,64
Abbi Steeden,1 mes,Muy baja,Alta,Promedio,3
Terrye Mullord,3 meses,Muy baja,Muy baja,Muy baja,45
Prissie Rathbone,2 meses,Baja,Baja,Baja,32
Janenna Plumm,1 mes,Promedio,Promedio,Alta,78
Martie Rama,4 meses,Alta,Muy baja,Muy Alta,75
Jody Curreen,2 meses,Muy baja,Baja,Baja,53
Ivy Pinke,1 mes,Promedio,Muy baja,Alta,54
Mara Wardley,1 mes,Muy Alta,Muy baja,Promedio,32
Annadiane Conisbee,3 meses,Muy Alta,Muy baja,Baja,69
Durward Tumbelty,4 meses,Promedio,Muy baja,Alta,17
Grady Defau,1 mes,Promedio,Muy baja,Promedio,61
Cos Stein,4 meses,Alta,Muy Alta,Muy baja,75
Marta Grenshields,3 meses,Muy baja,Promedio,Alta,22
Alasteir Maddinon,4 meses,Baja,Alta,Baja,64
Clarette Dary,4 meses,Muy Alta,Baja,Promedio,62
Umberto Krysztowczyk,4 meses,Alta,Baja,Muy baja,38
Janenna Girault,4 meses,Muy Alta,Baja,Alta,48
Niels Gillanders,3 meses,Muy baja,Alta,Muy baja,99
Susan Dilloway,1 mes,Baja,Muy baja,Alta,62
Edythe Pimblotte,4 meses,Promedio,Muy Alta,Muy baja,71
Glynda Shawcroft,3 meses,Baja,Muy Alta,Baja,88
Irvine Gilchrest,3 meses,Baja,Promedio,Baja,34
Althea Tomik,2 meses,Alta,Promedio,Muy baja,39
Carlee Will,4 meses,Alta,Muy Alta,Promedio,67
Ailbert Collacombe,3 meses,Promedio,Muy Alta,Promedio,26
Maximilian Chieco,1 mes,Muy baja,Baja,Muy baja,84
Caldwell Batchelour,2 meses,Alta,Alta,Alta,9
Kissee McAlarney,1 mes,Muy Alta,Promedio,Baja,13
Sayre Pinyon,3 meses,Baja,Muy Alta,Alta,43
Agretha Kienzle,2 meses,Baja,Alta,Muy baja,28
Philippa McInteer,3 meses,Muy Alta,Muy baja,Alta,84
Halli Darke,4 meses,Muy baja,Promedio,Promedio,97
Kariotta Bows,3 meses,Promedio,Promedio,Promedio,32
Cathleen Mossom,4 meses,Muy baja,Alta,Muy baja,23
Kessiah Selburn,3 meses,Muy Alta,Baja,Baja,6
Aryn Heaysman,4 meses,Promedio,Muy Alta,Baja,32
Ive Jouannisson,2 meses,Muy baja,Baja,Alta,11
Billy Calender,2 meses,Alta,Alta,Muy Alta,86
Orelia Trenouth,1 mes,Muy Alta,Muy baja,Baja,31
Delmer Glassman,1 mes,Muy baja,Baja,Promedio,28
Angelica Pocklington,1 mes,Muy baja,Muy baja,Promedio,34
Agnese Cush,1 mes,Baja,Muy baja,Promedio,42
Zorah Liddon,2 meses,Promedio,Promedio,Muy Alta,39
Bab Parminter,2 meses,Alta,Muy baja,Muy Alta,91
Dallis Ithell,2 meses,Muy Alta,Muy Alta,Alta,50
Edna Bartlam,1 mes,Muy baja,Alta,Baja,91
Salim Reiach,1 mes,Muy Alta,Muy baja,Baja,73
Dimitry Nitti,1 mes,Baja,Alta,Muy baja,24
Blinnie Jacmar,4 meses,Baja,Baja,Muy baja,24
Jason Iacopetti,1 mes,Muy Alta,Alta,Muy Alta,20
Beth Dispencer,1 mes,Muy Alta,Promedio,Baja,24
Carol-jean Giacubbo,2 meses,Baja,Promedio,Promedio,1
Perceval Kleynen,4 meses,Alta,Alta,Alta,36
Luigi Lamerton,4 meses,Muy Alta,Muy Alta,Alta,66
Xymenes Pesik,4 meses,Promedio,Muy baja,Muy baja,30
Josefa Thurgood,2 meses,Muy baja,Alta,Promedio,32
Gayle Escreet,2 meses,Muy baja,Baja,Baja,2
Rebeca Lerner,3 meses,Alta,Baja,Alta,99
Dinah Filchakov,4 meses,Baja,Baja,Alta,84
Chiquia Thelwll,2 meses,Muy Alta,Alta,Muy baja,61
Brandea Wise,4 meses,Muy baja,Baja,Baja,68
Zsazsa Bonin,4 meses,Promedio,Muy Alta,Muy Alta,66
Nevins Badrick,2 meses,Promedio,Muy Alta,Muy Alta,27
Kathlin Dunbabin,3 meses,Muy baja,Baja,Muy baja,47
Karon Burgot,2 meses,Promedio,Promedio,Baja,71
Jeanie Corr,3 meses,Muy baja,Promedio,Promedio,38
Sophie Peteri,2 meses,Muy baja,Alta,Alta,13
Crosby Jankovsky,3 meses,Baja,Baja,Muy baja,51
Otha Filippazzo,1 mes,Promedio,Muy Alta,Promedio,42
Westley Venditto,3 meses,Muy baja,Alta,Promedio,38
Julianne Woolsey,1 mes,Baja,Promedio,Baja,63
Valery Croxley,1 mes,Alta,Muy baja,Muy baja,97
Nadiya Cleynaert,3 meses,Baja,Baja,Muy Alta,34
Norman Gethouse,2 meses,Promedio,Alta,Alta,31
Charil Mattheis,2 meses,Muy baja,Alta,Promedio,63
Charita Blancowe,2 meses,Alta,Muy baja,Promedio,89
Maddalena Woolway,2 meses,Muy baja,Muy Alta,Alta,43
Carey Dopson,1 mes,Baja,Muy baja,Muy baja,1
Dilly Baldung,2 meses,Muy Alta,Baja,Muy Alta,19
Gibb Richardes,2 meses,Muy baja,Muy Alta,Baja,67
Caron Licquorish,4 meses,Muy baja,Muy baja,Alta,64
Cullie Rettie,1 mes,Muy Alta,Alta,Baja,31
Millie Duckering,2 meses,Baja,Promedio,Promedio,47
Sidnee Bellchamber,3 meses,Muy baja,Muy Alta,Alta,27
Daisey Rowbottam,4 meses,Alta,Muy Alta,Alta,13
Erastus Huniwall,2 meses,Alta,Muy Alta,Promedio,38
Hedwig Mallaby,4 meses,Baja,Muy Alta,Promedio,44
Broddie Hamflett,1 mes,Muy Alta,Promedio,Muy Alta,65
Orsa Ditts,3 meses,Promedio,Alta,Alta,82
Donavon Smorthit,3 meses,Muy baja,Baja,Baja,32
Errol Faich,4 meses,Muy Alta,Baja,Baja,61
Cletis Pain,2 meses,Alta,Alta,Alta,25
Ban Louche,1 mes,Promedio,Baja,Alta,68
Gusella Conlon,4 meses,Muy baja,Alta,Muy baja,8
Jillana Root,2 meses,Alta,Promedio,Baja,84
Dunn Algar,3 meses,Muy baja,Promedio,Alta,79
Deana Boadby,1 mes,Muy Alta,Muy Alta,Alta,41
Cordie Luetchford,4 meses,Muy Alta,Promedio,Baja,28
Abigale Whitmarsh,4 meses,Muy Alta,Muy Alta,Promedio,85
Moshe Demare,1 mes,Muy baja,Baja,Promedio,99
Uri Cropp,3 meses,Muy baja,Alta,Baja,54
Care Wheelwright,4 meses,Alta,Muy baja,Muy baja,15
Danie Basilotta,3 meses,Muy baja,Baja,Muy Alta,41
Briny McLoughlin,4 meses,Muy Alta,Muy Alta,Muy Alta,83
Letta Linsley,1 mes,Promedio,Baja,Muy baja,100
Tyrus Georgeot,3 meses,Muy Alta,Alta,Promedio,46
Rora Lauxmann,4 meses,Baja,Alta,Promedio,6
Christos Strangeway,4 meses,Muy baja,Muy baja,Muy Alta,76
Barde Jarley,2 meses,Muy baja,Baja,Promedio,36
Evvy Turville,3 meses,Baja,Promedio,Baja,59
Rancell Layzell,3 meses,Baja,Promedio,Muy Alta,72
Helli Minihan,4 meses,Alta,Alta,Alta,35
Laure Morant,2 meses,Muy Alta,Alta,Baja,90
Dollie Boxill,1 mes,Promedio,Muy Alta,Muy Alta,39
Sianna Shrigley,3 meses,Baja,Promedio,Promedio,69
Wang Fidelus,3 meses,Baja,Alta,Promedio,11
Milena Telega,1 mes,Muy Alta,Alta,Promedio,68
Sigismond Abercromby,2 meses,Promedio,Alta,Promedio,50
Annmaria Ritchman,2 meses,Baja,Muy baja,Promedio,43
D'arcy Fantone,1 mes,Alta,Muy Alta,Baja,63
Georgeanna Tripett,2 meses,Promedio,Promedio,Baja,8
Chico Pillinger,4 meses,Alta,Alta,Muy baja,52
Byron Jennick,3 meses,Baja,Baja,Promedio,82
Josephine Wagstaff,2 meses,Muy Alta,Muy baja,Promedio,20
Carilyn Weth,3 meses,Baja,Baja,Muy baja,94
Elora Stoggles,4 meses,Promedio,Muy baja,Baja,61
Jodee Jiras,4 meses,Alta,Alta,Muy Alta,11
Shannen Fairburne,3 meses,Promedio,Muy Alta,Muy Alta,82
Maxy McLauchlin,1 mes,Muy baja,Muy baja,Muy baja,37
Pail Walding,3 meses,Alta,Promedio,Baja,81
Fulvia Curner,3 meses,Muy Alta,Baja,Muy baja,66
Bjorn Arnaudon,3 meses,Baja,Promedio,Alta,16
Moore Chenery,3 meses,Baja,Muy Alta,Baja,91
Rozanna Wynne,3 meses,Alta,Alta,Alta,95
Peri Wiggans,1 mes,Muy baja,Promedio,Baja,28
Lilah Shakelady,4 meses,Promedio,Muy baja,Alta,32
Arri Huntington,4 meses,Muy baja,Muy Alta,Muy Alta,92
Gwennie Presho,4 meses,Promedio,Baja,Baja,40
Kellina Daniel,4 meses,Baja,Alta,Baja,18
Grantley Deaves,3 meses,Baja,Alta,Promedio,16
Lula Raiker,4 meses,Baja,Baja,Promedio,55
Leonore Slaymaker,3 meses,Muy Alta,Promedio,Alta,46
Rosana Brezlaw,2 meses,Muy baja,Promedio,Alta,9
Janaye Munehay,3 meses,Promedio,Alta,Promedio,9
Libbi Rawlison,4 meses,Muy Alta,Muy Alta,Promedio,8
Tatiana Bouldstridge,4 meses,Muy baja,Promedio,Muy Alta,13
Ram Notley,3 meses,Muy Alta,Promedio,Alta,66
Lydie Pablos,1 mes,Baja,Muy Alta,Muy Alta,91
Reagan Deppen,4 meses,Alta,Baja,Baja,69
Morry Starbuck,1 mes,Muy Alta,Alta,Muy Alta,48
Trude Barenski,3 meses,Muy baja,Muy Alta,Alta,89
West Gergolet,1 mes,Alta,Alta,Muy baja,81
Hart Beesey,3 meses,Alta,Promedio,Alta,74
Margarita Schulken,4 meses,Baja,Baja,Muy Alta,36
Loralyn McVey,4 meses,Baja,Promedio,Muy Alta,58
Layney Jahnel,4 meses,Alta,Muy baja,Promedio,55
Don Pietraszek,2 meses,Alta,Muy baja,Muy baja,68
Wolfie Mustoo,4 meses,Baja,Baja,Promedio,39
Nevins Callendar,4 meses,Baja,Promedio,Muy baja,83
Alexa Sykora,4 meses,Muy baja,Muy baja,Alta,2
Berget Hardson,2 meses,Baja,Baja,Promedio,24
Lissa Gabbotts,2 meses,Baja,Promedio,Alta,35
Catherine Hyndley,4 meses,Alta,Alta,Alta,58
Remy Baylay,4 meses,Baja,Baja,Muy Alta,14
Etienne Ridewood,1 mes,Muy Alta,Alta,Muy baja,24
Westleigh Averies,2 meses,Muy baja,Muy baja,Muy Alta,38
Orella Checcucci,3 meses,Baja,Promedio,Muy Alta,34
Nerti Slorach,2 meses,Muy Alta,Muy baja,Promedio,8
Nananne Baleine,3 meses,Alta,Muy baja,Promedio,58
Florry Carette,3 meses,Muy baja,Alta,Muy Alta,45
Roderic Wannes,4 meses,Muy baja,Alta,Muy baja,39
Elset Stansell,3 meses,Muy Alta,Promedio,Baja,85
Baryram Dobell,1 mes,Muy baja,Promedio,Baja,50
Jeffy Gimenez,1 mes,Alta,Muy Alta,Muy baja,64
Janna Sutherden,4 meses,Muy baja,Muy baja,Muy baja,38
Vina Methingam,2 meses,Baja,Baja,Baja,44
Catha McNamee,4 meses,Muy baja,Promedio,Promedio,60
Bary Morrell,1 mes,Promedio,Muy baja,Muy Alta,92
Cynthy Daniele,3 meses,Baja,Promedio,Baja,59
Mignonne Lassetter,2 meses,Promedio,Muy baja,Baja,70
Klement Reames,1 mes,Baja,Alta,Promedio,37
Cornelius Stanlock,1 mes,Muy baja,Baja,Baja,23
Viv De Maine,1 mes,Muy baja,Promedio,Muy baja,47
Rockie Ruprich,2 meses,Muy Alta,Promedio,Baja,14
Roger Bromilow,3 meses,Baja,Baja,Muy baja,99
Jeana Gammett,1 mes,Muy baja,Promedio,Muy Alta,48
Tracy Lavarack,4 meses,Baja,Promedio,Baja,19
Annalee Bleiman,4 meses,Promedio,Muy Alta,Baja,27
Audry Calverd,1 mes,Alta,Alta,Alta,55
Nappy Willan,4 meses,Alta,Alta,Baja,85
Loralyn Boase,4 meses,Alta,Alta,Promedio,82
Broderick Stearne,1 mes,Promedio,Muy baja,Baja,75
Carlin Radke,4 meses,Promedio,Alta,Baja,27
Edsel Brister,2 meses,Muy Alta,Baja,Baja,42
Moria Plummer,1 mes,Muy baja,Baja,Alta,94
Leighton Bello,1 mes,Baja,Promedio,Promedio,84
Clarita Rangall,2 meses,Promedio,Muy baja,Promedio,44
Bernard Sydenham,1 mes,Alta,Promedio,Baja,19
Ninetta Halesworth,4 meses,Muy Alta,Muy Alta,Alta,75
Arabella Joderli,1 mes,Alta,Muy baja,Alta,74
Chandra De Caroli,2 meses,Muy Alta,Muy baja,Alta,74
Charley Astles,4 meses,Alta,Baja,Muy Alta,14
Levy Edmons,3 meses,Muy baja,Baja,Promedio,12
Lind Crabb,2 meses,Muy Alta,Muy Alta,Baja,31
Lulu Colquit,2 meses,Muy Alta,Muy baja,Promedio,99
Decca Bradshaw,1 mes,Muy baja,Muy baja,Promedio,19
Eloise Elmhurst,3 meses,Muy Alta,Alta,Muy Alta,26
Terrijo Spiteri,1 mes,Baja,Muy baja,Muy Alta,95
Aili Oakden,2 meses,Promedio,Muy Alta,Promedio,61
Vallie Mabone,4 meses,Promedio,Baja,Baja,96
Fidelio Frammingham,1 mes,Alta,Baja,Alta,4
Golda Walkingshaw,4 meses,Alta,Alta,Muy baja,88
Morissa Diprose,2 meses,Muy Alta,Promedio,Muy Alta,52
Wake Geffcock,4 meses,Baja,Baja,Promedio,43
Maxy Ezzle,3 meses,Baja,Alta,Muy baja,88
Madelin Spark,4 meses,Muy Alta,Muy Alta,Muy baja,51
Rosa Duns,1 mes,Baja,Promedio,Promedio,42
Waylon Sutehall,3 meses,Baja,Promedio,Muy baja,46
Alexandro MacAllan,2 meses,Alta,Promedio,Muy baja,52
Hughie Podd,4 meses,Muy Alta,Baja,Baja,16
Jenelle Peret,2 meses,Promedio,Promedio,Promedio,59
Krista Bangs,4 meses,Muy baja,Promedio,Muy baja,46
Nadine Alecock,2 meses,Alta,Promedio,Muy baja,2
Kissee Rosenfarb,4 meses,Promedio,Muy baja,Alta,63
Marc O'Hannay,3 meses,Baja,Promedio,Muy baja,23
Korney Tomblings,4 meses,Alta,Promedio,Promedio,76
Harvey Halwill,3 meses,Alta,Muy baja,Muy baja,68
Archaimbaud Saggs,1 mes,Muy Alta,Muy baja,Muy Alta,28
Ema Bartolozzi,4 meses,Alta,Muy baja,Alta,68
Mandi Rubinlicht,2 meses,Promedio,Promedio,Baja,43
Ritchie Wreford,2 meses,Promedio,Baja,Muy Alta,26
Eartha Ovington,3 meses,Baja,Muy Alta,Baja,99
Steven Farrans,2 meses,Promedio,Promedio,Alta,61
Malina Dows,4 meses,Muy Alta,Promedio,Baja,60
Case Gladman,4 meses,Promedio,Alta,Baja,39
Piper Pettus,1 mes,Promedio,Muy baja,Baja,18
Roxanna Pelfer,1 mes,Muy Alta,Alta,Baja,52
Dorena Ellwell,3 meses,Muy Alta,Baja,Baja,60
Crystie Gott,4 meses,Muy Alta,Muy Alta,Alta,71
Lanna Greystoke,1 mes,Baja,Baja,Muy baja,80
Margalo Laetham,4 meses,Muy Alta,Alta,Muy Alta,27
Charmain Elves,1 mes,Muy baja,Muy Alta,Baja,71
Sergio Casolla,4 meses,Muy baja,Alta,Baja,11
Latrina Baillie,3 meses,Promedio,Muy baja,Promedio,99
Boothe Bretland,4 meses,Promedio,Promedio,Muy baja,65
Herb Skin,3 meses,Baja,Baja,Muy Alta,33
Kin Pettipher,2 meses,Alta,Alta,Promedio,82
Louis Tallant,1 mes,Muy Alta,Muy Alta,Alta,43
Ainslee Fairbourn,2 meses,Muy Alta,Alta,Promedio,2
Shem Kealy,2 meses,Muy Alta,Muy baja,Promedio,3
Sutton McTiernan,2 meses,Baja,Muy Alta,Baja,53
Pablo Voules,1 mes,Promedio,Muy Alta,Muy Alta,5
Zackariah Hacking,2 meses,Muy Alta,Muy baja,Alta,30
Giralda Chrismas,2 meses,Promedio,Muy baja,Promedio,25
Aeriel Labbati,4 meses,Baja,Promedio,Muy baja,44
Ariella Brosi,4 meses,Baja,Alta,Baja,86
Alejandra Pischel,3 meses,Alta,Baja,Promedio,69
Rochell Domm,1 mes,Muy baja,Muy Alta,Promedio,97
Pete McCready,4 meses,Baja,Baja,Alta,90
Garry Pancoast,1 mes,Muy Alta,Muy Alta,Alta,55
Ravid Priestland,1 mes,Baja,Muy baja,Alta,62
Cymbre Stollen,1 mes,Promedio,Muy Alta,Alta,74
Viv Hulle,1 mes,Baja,Baja,Muy baja,99
Chandra Friatt,4 meses,Muy Alta,Muy baja,Muy baja,33
Dody Hudghton,4 meses,Alta,Baja,Alta,6
Nessy Galliard,2 meses,Muy Alta,Alta,Muy baja,82
Fernandina Winnett,2 meses,Muy Alta,Baja,Baja,81
Stella Branston,3 meses,Baja,Promedio,Promedio,23
Mildred Canadas,1 mes,Alta,Muy Alta,Muy baja,45
Calvin Juzek,2 meses,Alta,Muy baja,Muy baja,91
Natividad Brasher,3 meses,Promedio,Muy Alta,Alta,71
Blancha Gudge,4 meses,Promedio,Promedio,Alta,85
Chere Cattlow,4 meses,Muy baja,Baja,Promedio,17
Dud Rawlison,1 mes,Alta,Muy baja,Muy Alta,50
Madeline Hedge,4 meses,Muy Alta,Baja,Baja,82
Gertrud Ham,3 meses,Muy Alta,Alta,Muy Alta,32
Kev Jerschke,2 meses,Promedio,Muy Alta,Muy Alta,88
Susanne Mothersole,4 meses,Alta,Baja,Muy baja,85
Boniface O'Dennehy,2 meses,Alta,Muy Alta,Muy Alta,67
Berkly Dutch,4 meses,Alta,Baja,Muy Alta,6
Christean Standbrooke,3 meses,Baja,Baja,Muy baja,28
Larissa Lamyman,4 meses,Alta,Baja,Baja,11
Tabbatha Gorry,2 meses,Muy Alta,Alta,Muy Alta,25
Chelsae Grzelak,1 mes,Promedio,Muy Alta,Promedio,86
Papagena Bulfoot,4 meses,Muy baja,Muy Alta,Baja,17
Noble Patey,2 meses,Alta,Muy baja,Alta,37
Floyd Caudle,2 meses,Muy baja,Muy Alta,Alta,15
Maris Manterfield,4 meses,Muy baja,Promedio,Muy baja,21
Mead Mation,2 meses,Baja,Muy baja,Promedio,10
Arch Aronstam,3 meses,Baja,Alta,Muy baja,84
Nissa Sawley,4 meses,Alta,Muy baja,Alta,20
Lilli Seers,4 meses,Muy baja,Muy Alta,Alta,22
Darn Dearden,4 meses,Muy Alta,Promedio,Baja,21
Norene Petegree,1 mes,Muy Alta,Alta,Muy Alta,1
Pen Beetlestone,1 mes,Muy Alta,Muy baja,Muy baja,4
Berne Loidl,1 mes,Alta,Alta,Baja,41
Ashely Blackeby,4 meses,Promedio,Muy Alta,Baja,45
Rebekkah Krystof,1 mes,Alta,Muy Alta,Alta,86
Aprilette Earengey,4 meses,Baja,Alta,Muy baja,18
Claudelle Lambrook,1 mes,Muy baja,Muy baja,Muy Alta,10
Antonia Juza,4 meses,Alta,Promedio,Muy Alta,4
Herminia Lots,3 meses,Alta,Muy Alta,Promedio,17
Michail Kilian,1 mes,Muy baja,Baja,Muy Alta,40
Sula Hollow,2 meses,Muy Alta,Promedio,Baja,57
Tonia Ransfield,3 meses,Muy baja,Alta,Baja,52
Salli Ismay,2 meses,Promedio,Promedio,Alta,93
Scarlett Choake,3 meses,Muy Alta,Promedio,Baja,4
Leonhard Willgress,1 mes,Muy Alta,Alta,Muy baja,38
Farah Shorie,2 meses,Muy baja,Muy baja,Promedio,51
Paten Lisciandro,2 meses,Muy Alta,Muy Alta,Muy Alta,30
Holli Clorley,1 mes,Muy baja,Alta,Promedio,59
Goldy Leppington,3 meses,Alta,Alta,Muy baja,68
Yovonnda Cran,1 mes,Muy baja,Alta,Alta,1
Christoforo Nathan,2 meses,Muy baja,Baja,Alta,63
Clemmie Ekins,3 meses,Baja,Baja,Muy baja,52
Eldredge Birdsey,1 mes,Muy baja,Baja,Muy Alta,14
Lorilyn Week,2 meses,Muy baja,Alta,Baja,37
Cedric Segrave,3 meses,Muy Alta,Muy baja,Muy Alta,75
Sidnee Carson,1 mes,Muy Alta,Baja,Muy Alta,91
Alix Pengilly,2 meses,Baja,Muy baja,Promedio,73
Donal Oxtaby,1 mes,Alta,Baja,Baja,97
Caresa Morgon,1 mes,Muy baja,Muy Alta,Baja,92
Silvia Tremontana,3 meses,Promedio,Muy Alta,Promedio,37
Demetri Rookes,3 meses,Muy baja,Muy baja,Muy Alta,70
Gloriana Parrish,3 meses,Muy Alta,Baja,Baja,69
Arie Shekle,3 meses,Alta,Baja,Baja,85
Mattie Stathor,3 meses,Muy Alta,Baja,Alta,65
Harper Piecha,2 meses,Promedio,Alta,Muy Alta,12
Gertruda Wyson,3 meses,Alta,Baja,Muy Alta,26
Casi Delong,3 meses,Baja,Muy Alta,Muy baja,93
Carlynne Peert,4 meses,Muy Alta,Alta,Alta,63
Tobe Neagle,1 mes,Muy baja,Promedio,Alta,69
Sigismond Eyer,2 meses,Alta,Muy Alta,Muy Alta,78
Paloma Botright,2 meses,Muy Alta,Alta,Alta,82
Cory Doram,4 meses,Alta,Promedio,Alta,28
Harmonie Hagland,3 meses,Baja,Alta,Muy Alta,46
Neall Hudleston,4 meses,Promedio,Baja,Alta,36
Agatha Olliar,2 meses,Alta,Baja,Promedio,98
Ferdy Potell,2 meses,Promedio,Muy baja,Alta,98
Anica Jezzard,2 meses,Alta,Muy Alta,Promedio,44
Alison Cliss,4 meses,Muy Alta,Baja,Promedio,89
Christel Shooter,2 meses,Promedio,Baja,Promedio,68
Bernelle Ostridge,1 mes,Muy baja,Promedio,Muy Alta,35
Barrie Penna,2 meses,Muy baja,Alta,Muy Alta,28
Selestina Poyner,3 meses,Promedio,Muy Alta,Promedio,64
Munmro Jeeks,4 meses,Alta,Muy baja,Alta,7
Ker Tellwright,1 mes,Baja,Muy Alta,Promedio,88
Crichton Hoston,1 mes,Muy baja,Promedio,Baja,16
Nola Davidi,1 mes,Alta,Baja,Muy baja,15
Adham Allridge,4 meses,Muy Alta,Promedio,Muy Alta,3
Yorke Blune,1 mes,Muy baja,Muy baja,Promedio,52
Jennette Mayers,3 meses,Alta,Baja,Muy Alta,18
Hercule Meynell,1 mes,Baja,Promedio,Muy Alta,97
Suzanne Tearny,1 mes,Muy Alta,Baja,Promedio,25
Germaine Drife,2 meses,Muy Alta,Alta,Promedio,58
Ash Bemlott,3 meses,Muy Alta,Alta,Alta,45
Quincey Duce,4 meses,Muy Alta,Promedio,Baja,81
Gwendolyn Winspur,4 meses,Baja,Muy Alta,Muy Alta,13
Toma Torel,2 meses,Muy Alta,Promedio,Muy baja,4
Sharlene Farlham,4 meses,Muy baja,Baja,Muy Alta,69
Emlyn Crocetto,2 meses,Promedio,Baja,Muy baja,61
Rainer Emberton,1 mes,Alta,Muy Alta,Muy baja,86
Selle Harber,4 meses,Alta,Baja,Alta,91
Jeana Ropkes,1 mes,Muy Alta,Muy Alta,Baja,74
Uta Nuzzti,4 meses,Muy Alta,Baja,Muy Alta,66
Shellysheldon Welbeck,1 mes,Promedio,Baja,Baja,21
Danika Garshore,3 meses,Muy Alta,Baja,Muy baja,98
Willamina Allston,3 meses,Alta,Promedio,Baja,11
Perl Leopold,4 meses,Alta,Muy baja,Promedio,57
Bartlett Fricker,1 mes,Alta,Alta,Promedio,82
Kerk Bussen,4 meses,Baja,Promedio,Muy Alta,44
Eva Hugenin,2 meses,Alta,Alta,Muy Alta,83
Cassie Bollon,1 mes,Alta,Promedio,Muy baja,37
Flory Georgius,4 meses,Muy Alta,Muy baja,Alta,34
Kellyann Josephy,3 meses,Promedio,Baja,Muy Alta,8
Lilith Beek,2 meses,Alta,Alta,Alta,10
Lilllie Henken,3 meses,Muy baja,Muy Alta,Alta,43
Gregoire Ghidoli,3 meses,Muy baja,Alta,Baja,99
Worden Rowcastle,2 meses,Promedio,Promedio,Muy Alta,62
Benetta Pizer,4 meses,Promedio,Promedio,Muy baja,72
Gary Felderer,1 mes,Muy baja,Muy Alta,Promedio,62
Guillemette Gilligan,3 meses,Baja,Muy baja,Alta,12
Karlie Stilling,4 meses,Baja,Muy Alta,Baja,20
Charlotte Ingry,2 meses,Alta,Promedio,Muy Alta,92
Georges Marmyon,1 mes,Muy Alta,Muy baja,Promedio,5
Arabela Keary,1 mes,Muy baja,Baja,Muy baja,54
Mal Mohun,1 mes,Alta,Alta,Muy Alta,69
Brian Cornils,2 meses,Promedio,Alta,Baja,78
Earl Mossman,4 meses,Baja,Promedio,Promedio,29
Susan Threlkeld,1 mes,Muy baja,Muy Alta,Muy Alta,43
Fiona Feeny,1 mes,Baja,Alta,Baja,15
Roxine Trevance,2 meses,Muy baja,Muy Alta,Muy Alta,8
Chaim Doornbos,3 meses,Alta,Baja,Promedio,86
Lindsy Brangan,3 meses,Muy Alta,Baja,Promedio,50
Feliza Marcombe,3 meses,Muy Alta,Promedio,Muy Alta,32
Lorne Jahncke,4 meses,Promedio,Promedio,Muy baja,38
Aldis Hurren,3 meses,Muy baja,Promedio,Muy baja,77
Ian Chasmar,3 meses,Muy baja,Baja,Baja,45
Clareta Templman,4 meses,Alta,Muy baja,Baja,48
Rollin Leuty,3 meses,Alta,Muy Alta,Baja,77
Brock Tiron,3 meses,Alta,Alta,Alta,50
Gilli Jaegar,4 meses,Promedio,Promedio,Alta,62
Carlynne Schuh,1 mes,Alta,Muy baja,Baja,33
Rey Tschiersch,2 meses,Muy Alta,Muy Alta,Promedio,89
Alverta Poundsford,2 meses,Muy Alta,Muy baja,Promedio,86
Tatiania Walkden,3 meses,Alta,Alta,Alta,65
Aubry Bambridge,3 meses,Muy baja,Baja,Muy baja,54
Pren Veck,1 mes,Alta,Baja,Muy baja,5
Alwyn Ruprechter,3 meses,Muy baja,Promedio,Muy baja,44
